"object_id","canonical_object","object_type","gate_3_status","strategic_mechanisms","technical_evidence_maturity","external_availability","commercial_adoption_stage","unique_page_value","overlap_with_other_objects","geography_status","selection_decision","decisive_reason","source_ids","as_of_date"
"O-001","World Labs","startup_company","conditional_pass_against_public_anchor","potential_platform_substitution;evidence_backed_future_market_competition","RTFM first-party research preview with persistent navigation evidence; no independent reproduction; Marble product evidence is separate","RTFM browser demo only; Marble public product/API and export path; components not interchangeable","supplier-hosted working prototype/PoC; not paid pilot production deployment or revenue","persistent spatial renderer plus commercial 3D world API as a direct public-anchor contrast","overlaps Overworld on navigation and World API access; differs through proprietary product path and closed non-China scope","non_china_verified","approved_final_five","retained for persistent spatial representation and API-path complementarity; public-anchor mechanisms remain conditional","S-WL-002;S-WL-003;S-WL-005;S-WL-006;S-WL-007","2026-07-14"
"O-002","Odyssey","startup_company","conditional_pass_against_public_anchor","potential_product_substitution;potential_platform_substitution;evidence_backed_future_market_competition","Pro accessible causal system; Max first-party private-beta demo; no independent Max reproduction","Pro hosted API with JS/Python SDK; Max private beta; no public weights or training code","no named customer PoC pilot production deployment or revenue evidence","general causal streaming world-model family and developer API with version velocity","overlaps MIRA on interactive causal worlds and Runway on hosted access; broader than MIRA's single-game public evidence","non_china_verified_with_address_distinction","approved_final_five","retained for a comparatively explicit general causal API path while keeping Pro and Max evidence separate","S-ODY-002;S-ODY-003;S-ODY-004;S-ODY-005;S-ODY-006;S-ODY-007","2026-07-14"
"O-003","Runway","startup_company","conditional_pass_against_public_anchor","evidence_backed_future_market_competition;potential_product_substitution;potential_platform_substitution","GWM Worlds first-party early-access evidence; no independent long-horizon validation","public application-based early-access product and application entry; actual access not independently confirmed; no public Worlds code weights or model license","company-reported collaboration only; no partner-confirmed PoC pilot production deployment or revenue","creative-video incumbent migrating toward real-time worlds and agent-training infrastructure","overlaps Genie on closed frontier capability; Runway adds a public application-based early-access product and application entry, with actual access not independently confirmed, plus startup creative-platform migration while Genie adds Alphabet internal adaptation","non_china_verified","approved_final_five","selected for a public application-based early-access product and application entry, with actual access not independently confirmed, plus creative-platform-to-world-model migration; not because it outranks Genie technically; dossier must split GWM Worlds and GWM Robotics","S-RUN-001;S-RUN-002;S-RUN-003","2026-07-14"
"O-004","Decart","startup_company","conditional_pass_against_public_anchor","potential_product_substitution;potential_platform_substitution","accessible Oasis 3 API/demo plus independent media product experience and negative counterevidence; not a validated system","public hosted API browser demo Python SDK/package; no model weights or model license","no named customer PoC pilot production deployment or revenue; paid API availability and media hands-on are not adoption","low-friction Physical AI API paired with unusually visible reliability counterevidence","overlaps Overworld on developer bypass and World Labs on API access; differs through driving-first stateful controls and independent media counterevidence","non_china_verified_for_scope_hq_label_unresolved","approved_final_five","retained to expose the API-access versus long-horizon reliability tension; substitution remains a conditional public-anchor inference","S-DEC-001;S-DEC-002;S-DEC-003;S-DEC-004;S-DEC-005;S-DEC-006;S-DEC-007","2026-07-14"
"O-005","NVIDIA Cosmos 3","big_tech_project","conditional_pass_against_public_anchor","potential_platform_substitution;evidence_backed_future_market_competition;potential_partial_product_substitution","first-party model/workflow artifacts with documented limitations; partner-reported integration path; no independent reproduction in this project","weights code and self-hosted recipes under artifact-specific licenses; stable enterprise action serving not established","partner-reported early access testing integration and internal neural-simulator deployment; not validated pilot paid customer external production or revenue","as-of-2026-07-14 platform-risk lens among the three reviewed big-tech projects: downloadable/self-hosted path plus a named partner-side self-reported early-access testing integration and internal-neural-simulator lead","overlaps Meta on local artifacts and Genie on big-tech capability; Cosmos adds a downloadable/self-hosted workflow and named partner-side self-reported integration lead while Genie adds closed-frontier/internal adaptation; this comparison is limited to the three reviewed big-tech projects as of 2026-07-14","non_china_verified_at_parent_owner_level","approved_final_five","retained as the single big-tech seat because, as of 2026-07-14 among the three reviewed big-tech projects, it uniquely combines a downloadable/self-hosted path with a named partner-side self-reported integration lead; this is not an overall technical or evidence ranking","S-NV-001;S-NV-002;S-NV-003;S-NV-004;S-NV-006;S-NV-007","2026-07-14"
"O-006","Google DeepMind Genie 3 / Project Genie","big_tech_project","conditional_pass_against_public_anchor","evidence_backed_future_market_competition;potential_partial_product_substitution","closed-frontier first-party model and consumer prototype; Waymo internal adaptation; WorldMark is a technical comparability reference that does not include WorldScape and is not a strong direct comparator; no external reproduction","Project Genie consumer prototype only; no enterprise API SDK weights or developer license","consumer subscription access and Alphabet internal use; no external customer adoption","closed-frontier capability and Alphabet internal-adaptation counterweight","overlaps Runway on closed interactive worlds and Cosmos on big-tech risk; Genie supplies closed-frontier/internal-adaptation evidence while Runway adds a public application-based early-access product and application entry, with actual access not independently confirmed, plus startup platform migration","non_china_verified_at_parent_owner_level","core_watch_not_recommended","not selected because Cosmos covers the big-tech platform-risk seat with external self-host artifacts; replacing Runway would move the mix to 3+2 and reduce startup-path coverage; not a technical-score judgment","S-GD-001;S-GD-002;S-GD-003;S-GD-004;S-GD-005;S-GD-006","2026-07-14"
"O-007","Meta V-JEPA family","big_tech_project","pass_limited_against_public_anchor","potential_limited_platform_substitution","only V-JEPA 2-AC passes Gate 2 in a narrow Franka/DROID domain; base and 2.1 are action-free; follow-up reproduction risk retained","public 2-AC checkpoint code configs PyTorch Hub and local workflow; exact 2-AC license unresolved; no hosted product","no customer PoC pilot production deployment or revenue evidence","open research/self-host and reproducibility-risk reference","overlaps Cosmos on downloadable artifacts but is narrower and lacks a product or partner path; overlaps AMI thematically but has actual technical assets","non_china_verified_at_parent_owner_level","core_watch_not_recommended","promoted from adjacent because the local checkpoint/code path is a limited platform bypass; not recommended due narrow domain license gap no hosted product and reproduction counterevidence","S-MT-001;S-MT-002;S-MT-003;S-MT-004;S-MT-005;S-MT-006;S-MT-007;S-MT-008;S-MT-010","2026-07-14"
"O-008","General Intuition / MIRA","startup_company","conditional_pass_against_public_anchor","evidence_backed_future_market_competition;potential_partial_product_substitution;potential_partial_platform_substitution","paper code data and live demo in Rocket League; no independent reproduction or official pretrained MIRA weights","training/inference code and data under separate licenses; reported commercial API component not auditable","handful of anonymous customers reported; no named customer paid state pilot production deployment or revenue","multi-player virtual-physics research and data-flywheel contrast","overlaps Odyssey on causal interactive worlds and Overworld on openness; narrower single-game domain but deeper research disclosure","non_china_verified","core_watch_not_recommended","not selected because Odyssey supplies a clearer general product interface while MIRA's commercial component and cross-domain transfer remain unresolved","S-GI-001;S-GI-002;S-GI-003;S-GI-004;S-GI-005;S-GI-006","2026-07-14"
"O-024","Overworld","startup_company","conditional_pass_against_public_anchor","potential_product_substitution;potential_platform_substitution","open model runtime client preprint and demo; evaluations emphasize speed rather than action fidelity physics or long-horizon persistence","downloadable weights World Engine and Biome local client under artifact-specific licenses","no named customer PoC paid pilot production deployment or revenue; local users are not commercial adoption","open local navigation-world platform contrast","overlaps World Labs on navigation and Decart on low-friction developer access; uniquely open/local but weaker on closed geography and long-horizon reliability","geography_conditional","core_watch_not_recommended","not selected because legal entity geography must close before a seat and long-horizon geometry physics and persistence remain weak despite strong open-platform value","S-OW-001;S-OW-002;S-OW-004;S-OW-005;S-OW-006;S-OW-009","2026-07-14"
